mape,lead_time,service_level,stockout_mult,ss_gauss,ss_emp,tc_gauss,tc_emp,pct_reduction_TC
3,7,0.9,0.4,93.46665812268479,127.11465504685134,83423.8509460455,82335.67007857212,1.3044001866770203
3,7,0.9,1.0,93.46665812268479,127.11465504685134,113254.45035458206,110509.01396441221,2.4241311326612935
3,7,0.9,2.0,93.46665812268479,127.11465504685134,162972.11603547633,157464.58710747905,3.3794302129564184
3,7,0.95,0.4,119.96200526373613,163.14832715868113,85922.84973337606,72962.39253442752,15.083830714606936
3,7,0.95,1.0,119.96200526373613,163.14832715868113,119482.27406797971,87049.06447734758,27.14478766296261
3,7,0.95,2.0,119.96200526373613,163.14832715868113,175414.64795898582,110526.85104888101,36.99109376844994
3,7,0.99,0.4,169.6562787069301,230.73253904142496,87936.15560074114,65482.95579811266,25.53352446355892
3,7,0.99,1.0,169.6562787069301,230.73253904142496,124478.63987619846,68300.29018669667,45.1309154288435
3,7,0.99,2.0,169.6562787069301,230.73253904142496,185382.780335294,72995.84750100336,60.62425681124274
3,10,0.9,0.4,102.99524089927245,140.07352762301053,83428.56770472959,82342.0848703825,1.3022911266945965
3,10,0.9,1.0,102.99524089927245,140.07352762301053,113259.16711326616,110515.4287562226,2.4225309323523945
3,10,0.9,2.0,102.99524089927245,140.07352762301053,162976.83279416044,157471.0018992894,3.378290521711691
3,10,0.95,0.4,132.19169144445476,179.7807003644585,85928.90356948676,72970.62575153807,15.080231772618777
3,10,0.95,1.0,132.19169144445476,179.7807003644585,119488.32790409042,87057.29769445813,27.141588453445987
3,10,0.95,2.0,132.19169144445476,179.7807003644585,175420.7017950965,110535.08426599157,36.98857481763802
3,10,0.99,0.4,186.95211368912098,254.25487461720456,87944.71723910476,65494.59962628719,25.527534020923646
3,10,0.99,1.0,186.95211368912098,254.25487461720456,124487.20151456208,68311.9340148712,45.12533562987974
3,10,0.99,2.0,186.95211368912098,254.25487461720456,185391.34197365763,73007.4913291779,60.61979456432675
3,14,0.9,0.4,114.4728101818692,155.68302184734213,83434.24923427658,82349.8117505664,1.2997509939415486
3,14,0.9,1.0,114.4728101818692,155.68302184734213,113264.84864281314,110523.15563640649,2.420603602316843
3,14,0.9,2.0,114.4728101818692,155.68302184734213,162982.5143237074,157478.7287794733,3.3769178043865256
3,14,0.95,0.4,146.92285070861163,199.81507696371182,85936.19566370636,72980.54299967672,15.0758973724284
3,14,0.95,1.0,146.92285070861163,199.81507696371182,119495.61999831001,87067.21494259678,27.137735304584265
3,14,0.95,2.0,146.92285070861163,199.81507696371182,175427.9938893161,110545.00151413021,36.98554086876404
3,14,0.99,0.4,207.7856572456947,282.5884938541448,87955.03008413063,65508.625095522366,25.52031983519062
3,14,0.99,1.0,207.7856572456947,282.5884938541448,124497.51435958795,68325.95948410638,45.11861555182577
3,14,0.99,2.0,207.7856572456947,282.5884938541448,185401.65481868348,73021.51679841307,60.614420151845124
3,21,0.9,0.4,132.18181554679026,179.76726914363476,83443.01539675846,82361.73373154177,1.2958324433451618
3,21,0.9,1.0,132.18181554679026,179.76726914363476,113273.61480529503,110535.07761738186,2.4176302598097688
3,21,0.9,2.0,132.18181554679026,179.76726914363476,162991.2804861893,157490.65076044868,3.3747999950259273
3,21,0.95,0.4,169.65189481344825,230.72657694628964,85947.44680342739,72995.84454969731,15.069211169648838
3,21,0.95,1.0,169.65189481344825,230.72657694628964,119506.87113803104,87082.51649261737,27.131791115142974
3,21,0.95,2.0,169.65189481344825,230.72657694628964,175439.24502903712,110560.30306415081,36.98086021411465
3,21,0.99,0.4,239.9302102890903,326.30508599316283,87970.9420096781,65530.265314266915,25.509192220474773
3,21,0.99,1.0,239.9302102890903,326.30508599316283,124513.42628513541,68347.59970285093,45.108249172795944
3,21,0.99,2.0,239.9302102890903,326.30508599316283,185417.56674423095,73043.15701715762,60.60612902017264
4,7,0.9,0.4,124.6222108302464,169.48620672913512,83439.27330498773,82356.64448673355,1.2975050900754426
4,7,0.9,1.0,124.6222108302464,169.48620672913512,113269.8727135243,110529.98837257366,2.4188994613600356
4,7,0.9,2.0,124.6222108302464,169.48620672913512,162987.53839441857,157485.56151564047,3.3757040157657348
4,7,0.95,0.4,159.94934035164817,217.53110287824154,85942.64392674691,72989.31263741187,15.072065155891401
4,7,0.95,1.0,159.94934035164817,217.53110287824154,119502.06826135056,87075.98458033193,27.13432842861172
4,7,0.95,2.0,159.94934035164817,217.53110287824154,175434.44215235667,110553.77115186537,36.98285821443514
4,7,0.99,0.4,226.20837160924015,307.6433853885666,87964.14954082176,65521.0275566223,25.51394187444991
4,7,0.99,1.0,226.20837160924015,307.6433853885666,124506.63381627908,68338.36194520631,45.11267403948466
4,7,0.99,2.0,226.20837160924015,307.6433853885666,185410.7742753746,73033.919259513,60.60966815712552
4,10,0.9,0.4,137.3269878656966,186.7647034973474,83445.56231656652,82365.19754248073,1.2946941024703231
4,10,0.9,1.0,137.3269878656966,186.7647034973474,113276.16172510308,110538.54142832082,2.416766471506933
4,10,0.9,2.0,137.3269878656966,186.7647034973474,162993.82740599738,157494.11457138765,3.374184729652755
4,10,0.95,0.4,176.2555885926064,239.70760048594468,85950.71570822784,73000.29026022594,15.067268889259744
4,10,0.95,1.0,176.2555885926064,239.70760048594468,119510.1400428315,87086.962203146,27.130064300874622
4,10,0.95,2.0,176.2555885926064,239.70760048594468,175442.5139338376,110564.74877467944,36.97950040981782
4,10,0.99,0.4,249.269484918828,339.0064994896061,87975.56505863993,65536.552660855,25.50595995925488
4,10,0.99,1.0,249.269484918828,339.0064994896061,124518.04933409725,68353.88704943901,45.105237822962415
4,10,0.99,2.0,249.269484918828,339.0064994896061,185422.18979319278,73049.4443637457,60.603720382538874
4,14,0.9,0.4,152.63041357582563,207.57736246312285,83453.13768929584,82375.50004939259,1.2913087149765359
4,14,0.9,1.0,152.63041357582563,207.57736246312285,113283.7370978324,110548.84393523268,2.4141975120734704
4,14,0.9,2.0,152.63041357582563,207.57736246312285,163001.40277872668,157504.4170782995,3.3723548427919345
4,14,0.95,0.4,195.89713427814885,266.42010261828244,85960.43850052064,73013.51325774414,15.061492785077041
4,14,0.95,1.0,195.89713427814885,266.42010261828244,119519.8628351243,87100.1852006642,27.12492874860684
4,14,0.95,2.0,195.89713427814885,266.42010261828244,175452.2367261304,110577.97177219763,36.97545620646449
4,14,0.99,0.4,277.0475429942596,376.7846584721931,87989.3155186744,65555.2532865019,25.49634816446686
4,14,0.99,1.0,277.0475429942596,376.7846584721931,124531.79979413172,68372.58767508592,45.096282404883524
4,14,0.99,2.0,277.0475429942596,376.7846584721931,185435.94025322725,73068.1449893926,60.59655701607124
4,21,0.9,0.4,176.2424207290537,239.68969219151302,83464.82590593836,82391.39602402643,1.2860865283798024
4,21,0.9,1.0,176.2424207290537,239.68969219151302,113295.42531447492,110564.73990986652,2.4102344794847816
4,21,0.9,2.0,176.2424207290537,239.68969219151302,163013.0909953692,157520.31305293334,3.369531801953183
4,21,0.95,0.4,226.202526417931,307.6354359283862,85975.44002014867,73033.91532443826,15.052583264101369
4,21,0.95,1.0,226.202526417931,307.6354359283862,119534.86435475232,87120.58726735832,27.11700662594621
4,21,0.95,2.0,226.202526417931,307.6354359283862,175467.23824575843,110598.37383889177,36.96921719142333
4,21,0.99,0.4,319.9069470521204,435.0734479908838,88010.53141940436,65584.10691149463,25.481523797463634
4,21,0.99,1.0,319.9069470521204,435.0734479908838,124553.01569486168,68401.44130007864,45.08246876362024
4,21,0.99,2.0,319.9069470521204,435.0734479908838,185457.1561539572,73096.99861438533,60.58550657721513
5,7,0.9,0.4,155.777763537808,211.8577584114189,83454.69566392996,82377.618894895,1.29061254189018
5,7,0.9,1.0,155.777763537808,211.8577584114189,113285.29507246653,110550.96278073509,2.4136692145104393
5,7,0.9,2.0,155.777763537808,211.8577584114189,163002.9607533608,157506.53592380192,3.371978523675713
5,7,0.95,0.4,199.93667543956022,271.91387859780195,85962.43812011776,73016.23274039623,15.060305015583006
5,7,0.95,1.0,199.93667543956022,271.91387859780195,119521.86245472141,87102.90468331629,27.123872658599534
5,7,0.95,2.0,199.93667543956022,271.91387859780195,175454.23634572752,110580.69125484972,36.97462451863878
5,7,0.99,0.4,282.7604645115502,384.5542317357083,87992.14348090236,65559.09931513194,25.49437174540389
5,7,0.99,1.0,282.7604645115502,384.5542317357083,124534.6277563597,68376.43370371594,45.0944408510314
5,7,0.99,2.0,282.7604645115502,384.5542317357083,185438.76821545523,73071.99101802263,60.59508390763108
5,10,0.9,0.4,171.65873483212076,233.45587937168426,83462.55692840346,82388.31021457896,1.2871001720520217
5,10,0.9,1.0,171.65873483212076,233.45587937168426,113293.15633694002,110561.65410041905,2.4110037400647015
5,10,0.9,2.0,171.65873483212076,233.45587937168426,163010.8220178343,157517.22724348586,3.370079793688421
5,10,0.95,0.4,220.31948574075798,299.6345006074309,85972.52784696892,73029.95476891381,15.054312583541671
5,10,0.95,1.0,220.31948574075798,299.6345006074309,119531.95218157259,87116.62671183387,27.11854435414798
5,10,0.95,2.0,220.31948574075798,299.6345006074309,175464.32607257867,110594.4132833673,36.97042825809431
5,10,0.99,0.4,311.586856148535,423.75812436200766,88006.41287817508,65578.50569542282,25.484401021773955
5,10,0.99,1.0,311.586856148535,423.75812436200766,124548.8971536324,68395.84008400682,45.08514997154907
5,10,0.99,2.0,311.586856148535,423.75812436200766,185453.03761272793,73091.39739831351,60.58765154823372
5,14,0.9,0.4,190.78801696978203,259.4717030789036,83472.0261443151,82401.18834821878,1.2828702567312027
5,14,0.9,1.0,190.78801696978203,259.4717030789036,113302.62555285166,110574.53223405888,2.4077935577231866
5,14,0.9,2.0,190.78801696978203,259.4717030789036,163020.29123374593,157530.1053771257,3.367792938578517
5,14,0.95,0.4,244.87141784768608,333.02512827285307,85984.68133733491,73046.48351581156,15.047096320290173
5,14,0.95,1.0,244.87141784768608,333.02512827285307,119544.10567193857,87133.15545873162,27.112127386816866
5,14,0.95,2.0,244.87141784768608,333.02512827285307,175476.47956294467,110610.94203026505,36.96537433064463
5,14,0.99,0.4,346.30942874282454,470.98082309024136,88023.60095321818,65601.88147748144,25.472395167806404
5,14,0.99,1.0,346.30942874282454,470.98082309024136,124566.0852286755,68419.21586606544,45.0739615518437
5,14,0.99,2.0,346.30942874282454,470.98082309024136,185470.22568777102,73114.77318037213,60.578700484542004
5,21,0.9,0.4,220.30302591131712,299.6121152393913,83486.63641511825,82421.05831651107,1.2763457055675747
5,21,0.9,1.0,220.30302591131712,299.6121152393913,113317.23582365482,110594.40220235116,2.402841546135972
5,21,0.9,2.0,220.30302591131712,299.6121152393913,163034.90150454908,157549.975345418,3.3642650184187923
5,21,0.95,0.4,282.7531580224138,384.5442949104828,86003.43323686995,73071.98609917922,15.035966182972075
5,21,0.95,1.0,282.7531580224138,384.5442949104828,119562.85757147362,87158.65804209928,27.10222905972567
5,21,0.95,2.0,282.7531580224138,384.5442949104828,175495.2314624797,110636.44461363272,36.957577883085435
5,21,0.99,0.4,399.88368381515056,543.8418099886047,88050.12082913062,65637.94850872236,25.453880255202776
5,21,0.99,1.0,399.88368381515056,543.8418099886047,124592.60510458794,68455.28289730637,45.05670473793985
5,21,0.99,2.0,399.88368381515056,543.8418099886047,185496.74556368348,73150.84021161306,60.56489293689553
6,7,0.9,0.4,186.93331624536958,254.22931009370268,83470.1180228722,82398.59330305643,1.283722540708693
6,7,0.9,1.0,186.93331624536958,254.22931009370268,113300.71743140875,110571.93718889653,2.408440391530795
6,7,0.9,2.0,186.93331624536958,254.22931009370268,163018.38311230304,157527.51033196336,3.368253736486286
6,7,0.95,0.4,239.92401052747226,326.29665431736225,85982.23231348861,73043.15284338058,15.0485502899396
6,7,0.95,1.0,239.92401052747226,326.29665431736225,119541.65664809226,87129.82478630064,27.113420351205143
6,7,0.95,2.0,239.92401052747226,326.29665431736225,175474.03053909834,110607.61135783407,36.966392680432
6,7,0.99,0.4,339.3125574138602,461.4650780828499,88020.13742098298,65597.17107364157,25.474814064532502
6,7,0.99,1.0,339.3125574138602,461.4650780828499,124562.6216964403,68414.50546222558,45.076215857954516
6,7,0.99,2.0,339.3125574138602,461.4650780828499,185466.76215553583,73110.06277653227,60.580504060764895
6,10,0.9,0.4,205.9904817985449,280.14705524602107,83479.55154024038,82411.42288667717,1.2795093335501813
6,10,0.9,1.0,205.9904817985449,280.14705524602107,113310.15094877695,110584.76677251728,2.4052427372475305
6,10,0.9,2.0,205.9904817985449,280.14705524602107,163027.81662967123,157540.3399155841,3.3659757135509594
6,10,0.95,0.4,264.3833828889095,359.561400728917,85994.33998571002,73059.61927760168,15.041362850459391
6,10,0.95,1.0,264.3833828889095,359.561400728917,119553.76432031367,87146.29122052174,27.107028610964022
6,10,0.95,2.0,264.3833828889095,359.561400728917,175486.13821131975,110624.07779205518,36.96135836162622
6,10,0.99,0.4,373.90422737824196,508.5097492344091,88037.26069771023,65620.45872999063,25.462857192582593
6,10,0.99,1.0,373.90422737824196,508.5097492344091,124579.74497316754,68437.79311857464,45.06507206824429
6,10,0.99,2.0,373.90422737824196,508.5097492344091,185483.88543226308,73133.35043288133,60.57158805874329
6,14,0.9,0.4,228.9456203637384,311.36604369468427,83490.91459933436,82426.87664704498,1.2744356166124229
6,14,0.9,1.0,228.9456203637384,311.36604369468427,113321.51400787091,110600.22053288507,2.4013917381979453
6,14,0.9,2.0,228.9456203637384,311.36604369468427,163039.1796887652,157555.7936759519,3.363232091378807
6,14,0.95,0.4,293.84570141722327,399.63015392742363,86008.9241741492,73079.45377387897,15.03270797119947
6,14,0.95,1.0,293.84570141722327,399.63015392742363,119568.34850875285,87166.12571679904,27.099331216054935
6,14,0.95,2.0,293.84570141722327,399.63015392742363,175500.72239975893,110643.91228833247,36.9552952401497
6,14,0.99,0.4,415.5713144913894,565.1769877082896,88057.88638776196,65648.50966846096,25.44846082339695
6,14,0.99,1.0,415.5713144913894,565.1769877082896,124600.37066321928,68465.84405704497,45.0516529825578
6,14,0.99,2.0,415.5713144913894,565.1769877082896,185504.5111223148,73161.40137135166,60.56085055359557
6,21,0.9,0.4,264.3636310935805,359.5345382872695,83508.44692429814,82450.72060899572,1.2666099709185974
6,21,0.9,1.0,264.3636310935805,359.5345382872695,113339.04633283471,110624.06449483582,2.395451458119731
6,21,0.9,2.0,264.3636310935805,359.5345382872695,163056.71201372897,157579.63763790263,3.3589996438571537
6,21,0.95,0.4,339.3037896268965,461.4531538925793,86031.42645359125,73110.05687392017,15.019359915694736
6,21,0.95,1.0,339.3037896268965,461.4531538925793,119590.8507881949,87196.72881684023,27.087458411619874
6,21,0.95,2.0,339.3037896268965,461.4531538925793,175523.224679201,110674.51538837366,36.94594228732383
6,21,0.99,0.4,479.8604205781806,652.6101719863257,88089.71023885689,65691.79010595007,25.4262615601464
6,21,0.99,1.0,479.8604205781806,652.6101719863257,124632.19451431421,68509.12449453409,45.03095708014216
6,21,0.99,2.0,479.8604205781806,652.6101719863257,185536.33497340974,73204.68180884077,60.544288093579
7,7,0.9,0.4,218.08886895293122,296.60086177598646,83485.54038181443,82419.56771121787,1.2768350851194328
7,7,0.9,1.0,218.08886895293122,296.60086177598646,113316.13979035098,110592.91159705796,2.4032129918397613
7,7,0.9,2.0,218.08886895293122,296.60086177598646,163033.80547124526,157548.48474012478,3.364529653997396
7,7,0.95,0.4,279.91134561538433,380.6794300369227,86002.02650685946,73070.07294636493,15.036800975222468
7,7,0.95,1.0,279.91134561538433,380.6794300369227,119561.45084146311,87156.744889285,27.102971504708762
7,7,0.95,2.0,279.91134561538433,380.6794300369227,175493.8247324692,110634.53146081843,36.958162699186275
7,7,0.99,0.4,395.8646503161703,538.3759244299916,88048.1313610636,65635.2428321512,25.455268819962452
7,7,0.99,1.0,395.8646503161703,538.3759244299916,124590.61563652092,68452.57722073521,45.057999054729855
7,7,0.99,2.0,395.8646503161703,538.3759244299916,185494.75609561647,73148.1345350419,60.565928614533746
7,10,0.9,0.4,240.32222876496908,326.83823112035793,83496.54615207732,82434.5355587754,1.271921585076846
7,10,0.9,1.0,240.32222876496908,326.83823112035793,113327.14556061388,110607.87944461551,2.399483462277755
7,10,0.9,2.0,240.32222876496908,326.83823112035793,163044.81124150817,157563.45258768232,3.3618724889727747
7,10,0.95,0.4,308.4472800370612,419.4883008504032,86016.1521244511,73089.28378628955,15.028419685012773
7,10,0.95,1.0,308.4472800370612,419.4883008504032,119575.57645905475,87175.95572920961,27.095517069022417
7,10,0.95,2.0,308.4472800370612,419.4883008504032,175507.95035006083,110653.74230074305,36.952290719572694
7,10,0.99,0.4,436.22159860794903,593.2613741068108,88068.10851724539,65662.41176455843,25.441328455804747
7,10,0.99,1.0,436.22159860794903,593.2613741068108,124610.59279270271,68479.74615314245,45.04500410566005
7,10,0.99,2.0,436.22159860794903,593.2613741068108,185514.73325179826,73175.30346744914,60.55552991140135
7,14,0.9,0.4,267.1032237576949,363.26038431046504,83509.80305435362,82452.56494587116,1.2660047920294337
7,14,0.9,1.0,267.1032237576949,363.26038431046504,113340.40246289017,110625.90883171126,2.3949920524304504
7,14,0.9,2.0,267.1032237576949,363.26038431046504,163058.06814378445,157581.4819747781,3.3586723008254418
7,14,0.95,0.4,342.8199849867605,466.2351795819943,86033.16701096347,73112.42403194639,15.018327730944225
7,14,0.95,1.0,342.8199849867605,466.2351795819943,119592.59134556713,87199.09597486645,27.086540233164193
7,14,0.95,2.0,342.8199849867605,466.2351795819943,175524.96523657322,110676.8825463999,36.94521893382564
7,14,0.99,0.4,484.83320023995435,659.373152326338,88092.17182230573,65695.1378594405,25.424545109460112
7,14,0.99,1.0,484.83320023995435,659.373152326338,124634.65609776304,68512.47224802451,45.02935668688849
7,14,0.99,2.0,484.83320023995435,659.373152326338,185538.79655685858,73208.0295623312,60.5430072195728
7,21,0.9,0.4,308.42423627584395,419.4569613351478,83530.25743347804,82480.38290148038,1.256879320447156
7,21,0.9,1.0,308.42423627584395,419.4569613351478,113360.85684201459,110653.72678732047,2.3880642137937556
7,21,0.9,2.0,308.42423627584395,419.4569613351478,163078.52252290887,157609.2999303873,3.3537356777029133
7,21,0.95,0.4,395.8544212313793,538.3620128746759,86059.41967031253,73148.12764866112,15.002764451716793
7,21,0.95,1.0,395.8544212313793,538.3620128746759,119618.84400491619,87234.79959158118,27.072694676771885
7,21,0.95,2.0,395.8544212313793,538.3620128746759,175551.21789592228,110712.58616311463,36.934310402362485
7,21,0.99,0.4,559.8371573412107,761.3785339840467,88129.29964858315,65745.63170317779,25.398667678808934
7,21,0.99,1.0,559.8371573412107,761.3785339840467,124671.78392404047,68562.9660917618,45.00522577463432
7,21,0.99,2.0,559.8371573412107,761.3785339840467,185575.924383136,73258.52340606849,60.52369204163546
8,7,0.9,0.4,249.2444216604928,338.97241345827024,83500.96274075666,82440.5421193793,1.2699501737119117
8,7,0.9,1.0,249.2444216604928,338.97241345827024,113331.56214929321,110613.88600521939,2.397987014856274
8,7,0.9,2.0,249.2444216604928,338.97241345827024,163049.2278301875,157569.45914828623,3.3608062760090736
8,7,0.95,0.4,319.89868070329635,435.0622057564831,86021.8207002303,73096.99304934927,15.025057067696338
8,7,0.95,1.0,319.89868070329635,435.0622057564831,119581.24503483396,87183.66499226935,27.092526117391753
8,7,0.95,2.0,319.89868070329635,435.0622057564831,175513.61892584004,110661.45156380278,36.9499345742733
8,7,0.99,0.4,452.4167432184803,615.2867707771333,88076.12530114422,65673.31459066084,25.43573599983551
8,7,0.99,1.0,452.4167432184803,615.2867707771333,124618.60957660154,68490.64897924486,45.039790435838164
8,7,0.99,2.0,452.4167432184803,615.2867707771333,185522.75003569707,73186.20629355154,60.55135756694554
8,10,0.9,0.4,274.6539757313932,373.5294069946948,83513.54076391425,82457.64823087363,1.2643369247455802
8,10,0.9,1.0,274.6539757313932,373.5294069946948,113344.14017245082,110630.99211671374,2.3937259143781775
8,10,0.9,2.0,274.6539757313932,373.5294069946948,163061.80585334508,157586.56525978056,3.357770119686309
8,10,0.95,0.4,352.5111771852128,479.41520097188936,86037.96426319217,73118.94829497742,15.015483082206796
8,10,0.95,1.0,352.5111771852128,479.41520097188936,119597.38859779583,87205.62023789748,27.084009726024505
8,10,0.95,2.0,352.5111771852128,479.41520097188936,175529.7624888019,110683.40680943092,36.94322533109331
8,10,0.99,0.4,498.538969837656,678.0129989792122,88098.95633678054,65704.36479912626,25.41981479558656
8,10,0.99,1.0,498.538969837656,678.0129989792122,124641.44061223786,68521.69918771026,45.024946076415546
8,10,0.99,2.0,498.538969837656,678.0129989792122,185545.5810713334,73217.25650201694,60.53947710354342
8,14,0.9,0.4,305.26082715165126,415.1547249262457,83528.69150937287,82478.25324469735,1.2575777803937638
8,14,0.9,1.0,305.26082715165126,415.1547249262457,113359.29091790943,110651.59713053746,2.388594499354079
8,14,0.9,2.0,305.26082715165126,415.1547249262457,163076.95659880372,157607.17027360428,3.3541135665512942
8,14,0.95,0.4,391.7942685562977,532.8402052365649,86057.40984777774,73145.3942900138,15.003955592671565
8,14,0.95,1.0,391.7942685562977,532.8402052365649,119616.83418238141,87232.06623293387,27.073754434990356
8,14,0.95,2.0,391.7942685562977,532.8402052365649,175549.2080733875,110709.85280446731,36.93514541051898
8,14,0.99,0.4,554.0950859885191,753.5693169443862,88126.4572568495,65741.76605042003,25.400648004251476
8,14,0.99,1.0,554.0950859885191,753.5693169443862,124668.94153230682,68559.10043900405,45.00707265470961
8,14,0.99,2.0,554.0950859885191,753.5693169443862,185573.08199140235,73254.65775331073,60.52517047881727
8,21,0.9,0.4,352.4848414581074,479.37938438302604,83552.06794265792,82510.04519396502,1.2471537501717331
8,21,0.9,1.0,352.4848414581074,479.37938438302604,113382.66735119448,110683.38907980513,2.380679811516991
8,21,0.9,2.0,352.4848414581074,479.37938438302604,163100.33303208876,157638.96222287195,3.348473119391072
8,21,0.95,0.4,452.405052835862,615.2708718567724,86087.41288703382,73186.19842340206,14.986179780499468
8,21,0.95,1.0,452.405052835862,615.2708718567724,119646.83722163748,87272.87036632214,27.05793785032931
8,21,0.95,2.0,452.405052835862,615.2708718567724,175579.21111264356,110750.65693785557,36.922682226426545
8,21,0.99,0.4,639.8138941042408,870.1468959817676,88168.88905830942,65799.47330040552,25.371098577764954
8,21,0.99,1.0,639.8138941042408,870.1468959817676,124711.37333376674,68616.80768898953,44.97951080584331
8,21,0.99,2.0,639.8138941042408,870.1468959817676,185615.51379286227,73312.36500329622,60.50310477543963
9,7,0.9,0.4,280.3999743680544,381.343965140554,83516.38509969889,82461.51652754073,1.2630678050766833
9,7,0.9,1.0,280.3999743680544,381.343965140554,113346.98450823544,110634.86041338083,2.3927624599995987
9,7,0.9,2.0,280.3999743680544,381.343965140554,163064.65018912972,157590.43355644765,3.357083602321429
9,7,0.95,0.4,359.88601579120837,489.44498147604344,86041.61489360115,73123.91315233363,15.013318563629378
9,7,0.95,1.0,359.88601579120837,489.44498147604344,119601.0392282048,87210.58509525369,27.082084187536616
9,7,0.95,2.0,359.88601579120837,489.44498147604344,175533.4131192109,110688.37166678713,36.9417083050651
9,7,0.99,0.4,508.9688361207903,692.1976171242749,88104.11924122482,65711.38634917047,25.41621559230861
9,7,0.99,1.0,508.9688361207903,692.1976171242749,124646.60351668214,68528.72073775448,45.02158999576518
9,7,0.99,2.0,508.9688361207903,692.1976171242749,185550.74397577767,73224.27805206117,60.53679091600943
9,10,0.9,0.4,308.9857226978173,420.2205828690316,83530.53537575118,82480.76090297186,1.2567553506715177
9,10,0.9,1.0,308.9857226978173,420.2205828690316,113361.13478428774,110654.10478881195,2.3879700927720404
9,10,0.9,2.0,308.9857226978173,420.2205828690316,163078.80046518202,157609.67793187877,3.35366860542424
9,10,0.95,0.4,396.57507433336434,539.3421010933755,86059.77640193325,73148.6128036653,15.002553037051488
9,10,0.95,1.0,396.57507433336434,539.3421010933755,119619.2007365369,87235.28474658536,27.072506579673288
9,10,0.95,2.0,396.57507433336434,539.3421010933755,175551.574627543,110713.07131811879,36.93416219534806
9,10,0.99,0.4,560.856341067363,762.7646238516137,88129.8041563157,65746.31783369406,25.39831619609648
9,10,0.99,1.0,560.856341067363,762.7646238516137,124672.28843177302,68563.65222227808,45.00489797313733
9,10,0.99,2.0,560.856341067363,762.7646238516137,185576.42889086856,73259.20953658476,60.52342963250676
9,14,0.9,0.4,343.41843054560763,467.0490655420264,83547.57996439213,82503.94154352354,1.2491545791193348
9,14,0.9,1.0,343.41843054560763,467.0490655420264,113378.17937292869,110677.28542936365,2.3821990779029316
9,14,0.9,2.0,343.41843054560763,467.0490655420264,163095.84505382297,157632.85857243047,3.349555888189343
9,14,0.95,0.4,440.7685521258349,599.4452308911355,86081.65268459203,73178.36454808123,14.98959154953631
9,14,0.95,1.0,440.7685521258349,599.4452308911355,119641.07701919568,87265.03649100129,27.060973818381672
9,14,0.95,2.0,440.7685521258349,599.4452308911355,175573.4509102018,110742.82306253474,36.92507466907688
9,14,0.99,0.4,623.3569717370841,847.7654815624344,88160.74269139327,65788.39424139957,25.37676948606039
9,14,0.99,1.0,623.3569717370841,847.7654815624344,124703.2269668506,68605.72862998358,44.98480087590613
9,14,0.99,2.0,623.3569717370841,847.7654815624344,185607.36742594614,73301.28594429027,60.50734032767524
9,21,0.9,0.4,396.54544664037076,539.3018074309043,83573.87845183781,82539.70748644968,1.2374332561149488
9,21,0.9,1.0,396.54544664037076,539.3018074309043,113404.47786037438,110713.05137228977,2.3732982496496606
9,21,0.9,2.0,396.54544664037076,539.3018074309043,163122.14354126866,157668.6245153566,3.343211968356916
9,21,0.95,0.4,508.9556844403448,692.179730838869,86115.40610375511,73224.26919814303,14.969605891517665
9,21,0.95,1.0,508.9556844403448,692.179730838869,119674.83043835877,87310.94114106309,27.043187927444308
9,21,0.95,2.0,508.9556844403448,692.179730838869,175607.20432936485,110788.72771259652,36.91105775774226
9,21,0.99,0.4,719.7906308672709,978.9152579794885,88208.47846803568,65853.31489763323,25.343554223649083
9,21,0.99,1.0,719.7906308672709,978.9152579794885,124750.962743493,68670.64928621725,44.95381215821591
9,21,0.99,2.0,719.7906308672709,978.9152579794885,185655.10320258854,73366.20660052393,60.48252628937107
10,7,0.9,0.4,311.555527075616,423.7155168228378,83531.80745864112,82482.49093570217,1.2561879778053424
10,7,0.9,1.0,311.555527075616,423.7155168228378,113362.40686717768,110655.83482154227,2.387539326689304
10,7,0.9,2.0,311.555527075616,423.7155168228378,163080.07254807197,157611.4079646091,3.3533616327346465
10,7,0.95,0.4,399.87335087912044,543.8277571956039,86061.409086972,73150.83325531798,15.001585459293187
10,7,0.95,1.0,399.87335087912044,543.8277571956039,119620.83342157565,87237.50519823804,27.071645713426978
10,7,0.95,2.0,399.87335087912044,543.8277571956039,175553.20731258174,110715.29176977149,36.93348389093395
10,7,0.99,0.4,565.5209290231004,769.1084634714166,88132.11318130544,65749.45810768011,25.396707585553653
10,7,0.99,1.0,565.5209290231004,769.1084634714166,124674.59745676276,68566.79249626413,45.00339772900158
10,7,0.99,2.0,565.5209290231004,769.1084634714166,185578.7379158583,73262.34981057081,60.52222865973575
10,10,0.9,0.4,343.3174696642415,466.9117587433685,83547.52998758812,82503.87357507009,1.2491768609713259
10,10,0.9,1.0,343.3174696642415,466.9117587433685,113378.12939612468,110677.21746091018,2.3822159966830645
10,10,0.9,2.0,343.3174696642415,466.9117587433685,163095.79507701896,157632.79060397702,3.3495679459192336
10,10,0.95,0.4,440.63897148151597,599.2690012148618,86081.58854067433,73178.27731235317,14.989629544561941
10,10,0.95,1.0,440.63897148151597,599.2690012148618,119641.01287527799,87264.94925527323,27.061007627673455
10,10,0.95,2.0,440.63897148151597,599.2690012148618,175573.3867662841,110742.73582680666,36.92510131149732
10,10,0.99,0.4,623.17371229707,847.5162487240153,88160.65197585085,65788.27086826187,25.37683264152501
10,10,0.99,1.0,623.17371229707,847.5162487240153,124703.13625130817,68605.60525684588,44.98485978845926
10,10,0.99,2.0,623.17371229707,847.5162487240153,185607.2767104037,73301.16257115257,60.50738749563052
10,14,0.9,0.4,381.57603393956407,518.9434061578072,83566.4684194114,82529.62984234974,1.2407351856223885
10,14,0.9,1.0,381.57603393956407,518.9434061578072,113397.06782794795,110702.97372818983,2.3758057870118323
10,14,0.9,2.0,381.57603393956407,518.9434061578072,163114.73350884224,157658.54687125667,3.3449992653728016
10,14,0.95,0.4,489.74283569537215,666.0502565457061,86105.8955214063,73211.33480614865,14.975235594700958
10,14,0.95,1.0,489.74283569537215,666.0502565457061,119665.31985600996,87298.0067490687,27.048198380188982
10,14,0.95,2.0,489.74283569537215,666.0502565457061,175597.69374701605,110775.79332060216,36.91500670834717
10,14,0.99,0.4,692.6188574856491,941.9616461804827,88195.02812593705,65835.0224323791,25.352909533210017
10,14,0.99,1.0,692.6188574856491,941.9616461804827,124737.51240139437,68652.35682096312,44.96254134037413
10,14,0.99,2.0,692.6188574856491,941.9616461804827,185641.6528604899,73347.9141352698,60.48951676249569
10,21,0.9,0.4,440.60605182263424,599.2242304787826,83595.6889610177,82569.36977893433,1.2277178343035933
10,21,0.9,1.0,440.60605182263424,599.2242304787826,113426.28836955427,110742.71366477442,2.365919526553222
10,21,0.9,2.0,440.60605182263424,599.2242304787826,163143.95405044855,157698.28680784124,3.3379522240360537
10,21,0.95,0.4,565.5063160448276,769.0885898209656,86143.3993204764,73262.33997288397,14.95304277425999
10,21,0.95,1.0,565.5063160448276,769.0885898209656,119702.82365508005,87349.01191580403,27.028444903273556
10,21,0.95,2.0,565.5063160448276,769.0885898209656,175635.19754608616,110826.79848733748,36.89943699453701
10,21,0.99,0.4,799.7673676303011,1087.6836199772094,88248.06787776195,65907.15649486094,25.316034583155783
10,21,0.99,1.0,799.7673676303011,1087.6836199772094,124790.55215321927,68724.49088344496,44.92812981621858
10,21,0.99,2.0,799.7673676303011,1087.6836199772094,185694.6926123148,73420.04819775165,60.4619565778141
11,7,0.9,0.4,342.7110797831776,466.0870685051216,83547.22981758336,82503.46534386362,1.249310690490506
11,7,0.9,1.0,342.7110797831776,466.0870685051216,113377.82922611991,110676.80922970371,2.3823176143453124
11,7,0.9,2.0,342.7110797831776,466.0870685051216,163095.4949070142,157632.38237277052,3.3496403670489867
11,7,0.95,0.4,439.86068596703245,598.2105329151642,86081.20328034284,73177.75335830233,14.989857750962795
11,7,0.95,1.0,439.86068596703245,598.2105329151642,119640.6276149465,87264.42530122239,27.061210693347622
11,7,0.95,2.0,439.86068596703245,598.2105329151642,175573.0015059526,110742.21187275584,36.92526133125242
11,7,0.99,0.4,622.0730219254104,846.0193098185582,88160.10712138606,65787.52986618974,25.377211967757617
11,7,0.99,1.0,622.0730219254104,846.0193098185582,124702.59139684337,68604.86425477375,44.985213630043006
11,7,0.99,2.0,622.0730219254104,846.0193098185582,185606.7318559389,73300.42156908044,60.50767079613604
11,10,0.9,0.4,377.64921663066565,513.6029346177053,83564.52459942504,82526.98624716832,1.2416014537631521
11,10,0.9,1.0,377.64921663066565,513.6029346177053,113395.12400796161,110700.3301330084,2.376463625335424
11,10,0.9,2.0,377.64921663066565,513.6029346177053,163112.78968885588,157655.90327607523,3.345468140904139
11,10,0.95,0.4,484.70286862966753,659.1959013363479,86103.40067941541,73207.94182104104,14.976712599758294
11,10,0.95,1.0,484.70286862966753,659.1959013363479,119662.82501401906,87294.6137639611,27.04951286773138
11,10,0.95,2.0,484.70286862966753,659.1959013363479,175595.19890502517,110772.40033549453,36.916042678701935
11,10,0.99,0.4,685.491083526777,932.2678735964167,88191.49979538601,65830.22390282968,25.35536411608484
11,10,0.99,1.0,685.491083526777,932.2678735964167,124733.98407084333,68647.55829141369,44.964831515022446
11,10,0.99,2.0,685.491083526777,932.2678735964167,185638.12452993885,73343.11560572038,60.49135069025547
11,14,0.9,0.4,419.73363733352045,570.8377467735879,83585.35687443064,82555.31814117593,1.232319597321486
11,14,0.9,1.0,419.73363733352045,570.8377467735879,113415.9562829672,110728.66202701602,2.369414625616276
11,14,0.9,2.0,419.73363733352045,570.8377467735879,163133.6219638615,157684.23517008286,3.340443697734986
11,14,0.95,0.4,538.7171192649093,732.6552822002767,86130.13835822059,73244.30506421607,14.960887721335755
11,14,0.95,1.0,538.7171192649093,732.6552822002767,119689.56269282424,87330.97700713613,27.03542811726566
11,14,0.95,2.0,538.7171192649093,732.6552822002767,175621.93658383033,110808.76357866958,36.90494152717831
11,14,0.99,0.4,761.8807432342139,1036.157810798531,88229.31356048083,65881.65062335864,25.329068124057162
11,14,0.99,1.0,761.8807432342139,1036.157810798531,124771.79783593815,68698.98501194266,44.94029403802081
11,14,0.99,2.0,761.8807432342139,1036.157810798531,185675.93829503367,73394.54232624934,60.471699779630285
11,21,0.9,0.4,484.6666570048976,659.1466535266609,83617.4994701976,82599.03207141899,1.2180074807685486
11,21,0.9,1.0,484.6666570048976,659.1466535266609,113448.09887873416,110772.37595725908,2.3585436405903915
11,21,0.9,2.0,484.6666570048976,659.1466535266609,163165.76455962844,157727.9491003259,3.3326938858643387
11,21,0.95,0.4,622.0569476493102,845.9974488030621,86171.39253719768,73300.41074762492,14.936490418228686
11,21,0.95,1.0,622.0569476493102,845.9974488030621,119730.81687180135,87387.082690545,27.013708772978273
11,21,0.95,2.0,622.0569476493102,845.9974488030621,175663.19076280744,110864.86926207843,36.8878199350393
11,21,0.99,0.4,879.7441043933311,1196.4519819749305,88287.6572874882,65960.99809208867,25.28853962303922
11,21,0.99,1.0,879.7441043933311,1196.4519819749305,124830.14156294553,68778.33248067269,44.90246376433751
11,21,0.99,2.0,879.7441043933311,1196.4519819749305,185734.28202204106,73473.88979497938,60.441395635157846
12,7,0.9,0.4,373.86663249073916,508.45862018740536,83562.65217652559,82524.43975202505,1.242435941725883
12,7,0.9,1.0,373.86663249073916,508.45862018740536,113393.25158506214,110697.78363786514,2.3770973223878245
12,7,0.9,2.0,373.86663249073916,508.45862018740536,163110.91726595644,157653.35678093196,3.345919805064784
12,7,0.95,0.4,479.8480210549445,652.5933086347245,86100.9974737137,73204.67346128669,14.978135434916659
12,7,0.95,1.0,479.8480210549445,652.5933086347245,119660.42180831735,87291.34540420675,27.05077912558444
12,7,0.95,2.0,479.8480210549445,652.5933086347245,175592.79569932344,110769.1319757402,36.91704062539339
12,7,0.99,0.4,678.6251148277204,922.9301561656998,88188.10106146667,65825.60162469938,25.357728727122424
12,7,0.99,1.0,678.6251148277204,922.9301561656998,124730.58533692399,68642.9360132834,44.967037693390004
12,7,0.99,2.0,678.6251148277204,922.9301561656998,185634.7257960195,73338.49332759008,60.493117323223025
12,10,0.9,0.4,411.9809635970898,560.2941104920421,83581.51921126198,82550.09891926654,1.2340291271667436
12,10,0.9,1.0,411.9809635970898,560.2941104920421,113412.11861979854,110723.44280510664,2.3707129779537826
12,10,0.9,2.0,411.9809635970898,560.2941104920421,163129.78430069282,157679.01594817347,3.341369190111896
12,10,0.95,0.4,528.766765777819,719.122801457834,86125.21281815649,73237.60632972891,14.963802197665727
12,10,0.95,1.0,528.766765777819,719.122801457834,119684.63715276014,87324.27827264897,27.038022297555074
12,10,0.95,2.0,528.766765777819,719.122801457834,175617.01104376625,110802.0648441824,36.90698629612313
12,10,0.99,0.4,747.8084547564839,1017.0194984688183,88222.34761492116,65872.1769373975,25.33391060401067
12,10,0.99,1.0,747.8084547564839,1017.0194984688183,124764.83189037848,68689.51132598151,44.94481314547529
12,10,0.99,2.0,747.8084547564839,1017.0194984688183,185668.97234947403,73385.0686402882,60.475319213724255
12,14,0.9,0.4,457.8912407274768,622.7320873893685,83604.2453294499,82581.00644000212,1.223907811637572
12,14,0.9,1.0,457.8912407274768,622.7320873893685,113434.84473798647,110754.35032584221,2.363025592652505
12,14,0.9,2.0,457.8912407274768,622.7320873893685,163152.51041888073,157709.92346890905,3.335889184909434
12,14,0.95,0.4,587.6914028344465,799.2603078548473,86154.38119503486,73277.27532228349,14.946547922618578
12,14,0.95,1.0,587.6914028344465,799.2603078548473,119713.80552963851,87363.94726520355,27.022663026467615
12,14,0.95,2.0,587.6914028344465,799.2603078548473,175646.17942064462,110841.73383673698,36.89487912441939
12,14,0.99,0.4,831.1426289827788,1130.3539754165793,88263.5989950246,65928.27881433818,25.305245236992274
12,14,0.99,1.0,831.1426289827788,1130.3539754165793,124806.08327048192,68745.61320292219,44.91805895876445
12,14,0.99,2.0,831.1426289827788,1130.3539754165793,185710.22372957747,73441.17051722888,60.45388937543338
12,21,0.9,0.4,528.727262187161,719.069076574539,83639.30997937749,82628.69436390363,1.2083021915449073
12,21,0.9,1.0,528.727262187161,719.069076574539,113469.90938791406,110802.03824974372,2.351170590125186
12,21,0.9,2.0,528.727262187161,719.069076574539,163187.57506880834,157757.61139281056,3.3274369532779806
12,21,0.95,0.4,678.607579253793,922.9063077851586,86199.38575391898,73338.48152236588,14.91994881293964
12,21,0.95,1.0,678.607579253793,922.9063077851586,119758.81008852263,87425.15346528594,26.998979531724203
12,21,0.95,2.0,678.607579253793,922.9063077851586,175691.18397952872,110902.94003681937,36.8762065774788
12,21,0.99,0.4,959.7208411563612,1305.2203439726513,88327.24669721446,66014.83968931639,25.261069310113264
12,21,0.99,1.0,959.7208411563612,1305.2203439726513,124869.7309726718,68832.1740779004,44.8768139870786
12,21,0.99,2.0,959.7208411563612,1305.2203439726513,185773.87143176733,73527.73139220709,60.4208434557962
13,7,0.9,0.4,405.0221851983008,550.8301718696891,83578.07453546781,82545.41416018648,1.2355637301061502
13,7,0.9,1.0,405.0221851983008,550.8301718696891,113408.67394400437,110718.75804602657,2.3718784502373675
13,7,0.9,2.0,405.0221851983008,550.8301718696891,163126.33962489865,157674.3311890934,3.3421999465824332
13,7,0.95,0.4,519.8353561428565,706.976084354285,86120.79166708453,73231.59356427104,14.966418507436641
13,7,0.95,1.0,519.8353561428565,706.976084354285,119680.2160016882,87318.2655071911,27.040351008424484
13,7,0.95,2.0,519.8353561428565,706.976084354285,175612.5898926943,110796.05207872453,36.90882177272998
13,7,0.99,0.4,735.1772077300304,999.8410025128416,88216.09500154728,65863.67338320901,25.33825785186503
13,7,0.99,1.0,735.1772077300304,999.8410025128416,124758.5792770046,68681.00777179303,44.948869913548094
13,7,0.99,2.0,735.1772077300304,999.8410025128416,185662.71973610015,73376.56508609971,60.478568239010656
13,10,0.9,0.4,446.312710563514,606.985286366379,83598.51382309891,82573.21159136477,1.2264598793033081
13,10,0.9,1.0,446.312710563514,606.985286366379,113429.11323163548,110746.55547720486,2.3649640537632686
13,10,0.9,2.0,446.312710563514,606.985286366379,163146.77891252976,157702.1286202717,3.337271093275576
13,10,0.95,0.4,572.8306629259707,779.0497015793203,86147.02495689757,73267.27083841678,14.950898333314461
13,10,0.95,1.0,572.8306629259707,779.0497015793203,119706.44929150122,87353.94278133684,27.02653591485426
13,10,0.95,2.0,572.8306629259707,779.0497015793203,175638.82318250733,110831.72935287027,36.89793216292256
13,10,0.99,0.4,810.125825986191,1101.77112334122,88253.19543445631,65914.1299719653,25.312472089559336
13,10,0.99,1.0,810.125825986191,1101.77112334122,124795.67970991365,68731.46436054932,44.924804672473485
13,10,0.99,2.0,810.125825986191,1101.77112334122,185699.82016900918,73427.021674856,60.459293063381224
13,14,0.9,0.4,496.04884412143326,674.6264280051494,83623.13378446916,82606.69473882832,1.2154998259938699
13,14,0.9,1.0,496.04884412143326,674.6264280051494,113453.73319300573,110780.0386246684,2.356638687057456
13,14,0.9,2.0,496.04884412143326,674.6264280051494,163171.3988739,157735.61176773524,3.331335726529852
13,14,0.95,0.4,636.6656864039837,865.865333509418,86178.62403184915,73310.24558035091,14.932216191735037
13,14,0.95,1.0,636.6656864039837,865.865333509418,119738.0483664528,87396.91752327097,27.009903104653322
13,14,0.95,2.0,636.6656864039837,865.865333509418,175670.42225745888,110874.7040948044,36.88481949892011
13,14,0.99,0.4,900.4045147313437,1224.5501400346275,88297.88442956838,65974.90700531771,25.281440850439395
13,14,0.99,1.0,900.4045147313437,1224.5501400346275,124840.3687050257,68792.24139390173,44.89583609253442
13,14,0.99,2.0,900.4045147313437,1224.5501400346275,185744.50916412123,73487.79870820841,60.43608554626203
13,21,0.9,0.4,572.7878673694245,778.9914996224173,83661.12048855738,82658.35665638829,1.1986019626718263
13,21,0.9,1.0,572.7878673694245,778.9914996224173,113491.71989709394,110831.70054222838,2.3438003735228126
13,21,0.9,2.0,572.7878673694245,778.9914996224173,163209.38557798823,157787.2736852952,3.32218142571349
13,21,0.95,0.4,735.1582108582758,999.8151667672552,86227.37897064026,73376.55229710683,14.903417947922362
13,21,0.95,1.0,735.1582108582758,999.8151667672552,119786.80330524391,87463.22424002689,26.98425717468161
13,21,0.95,2.0,735.1582108582758,999.8151667672552,175719.17719625,110941.01081156034,36.86459692008624
13,21,0.99,0.4,1039.6975779193913,1413.9887059703724,88366.83610694073,66068.6812865441,25.233623611251176
13,21,0.99,1.0,1039.6975779193913,1413.9887059703724,124909.32038239806,68886.01567512812,44.85118046896733
13,21,0.99,2.0,1039.6975779193913,1413.9887059703724,185813.4608414936,73581.5729894348,60.40030003412785
14,7,0.9,0.4,436.17773790586244,593.2017235519729,83593.49689441004,82566.38856834792,1.2286940542270903
14,7,0.9,1.0,436.17773790586244,593.2017235519729,113424.09630294661,110739.73245418801,2.366660997314786
14,7,0.9,2.0,436.17773790586244,593.2017235519729,163141.7619838409,157695.30559725483,3.338480791402472
14,7,0.95,0.4,559.8226912307687,761.3588600738454,86140.58586045538,73258.51366725539,14.954706964808059
14,7,0.95,1.0,559.8226912307687,761.3588600738454,119700.01019505903,87345.18561017545,27.029926340155917
14,7,0.95,2.0,559.8226912307687,761.3588600738454,175632.38408606514,110822.97218170889,36.90060477263561
14,7,0.99,0.4,791.7293006323406,1076.7518488599833,88244.0889416279,65901.74514171865,25.318799330217303
14,7,0.99,1.0,791.7293006323406,1076.7518488599833,124786.57321708521,68719.07953030267,44.930710285027715
14,7,0.99,2.0,791.7293006323406,1076.7518488599833,185690.71367618075,73414.63684460935,60.46402354151405
14,10,0.9,0.4,480.64445752993817,653.6764622407159,83615.50843493585,82596.324263463,1.218893708295649
14,10,0.9,1.0,480.64445752993817,653.6764622407159,113446.1078434724,110769.66814930309,2.3592168519894376
14,10,0.9,2.0,480.64445752993817,653.6764622407159,163163.7735243667,157725.24129236993,3.3331738501283086
14,10,0.95,0.4,616.8945600741224,838.9766017008064,86168.83709563866,73296.93534710465,14.93800100173977
14,10,0.95,1.0,616.8945600741224,838.9766017008064,119728.26143024232,87383.60729002471,27.015053717340315
14,10,0.95,2.0,616.8945600741224,838.9766017008064,175660.6353212484,110861.39386155814,36.888880278262306
14,10,0.99,0.4,872.4431972158981,1186.5227482136215,88284.04325399148,65956.08300653311,25.291048557009628
14,10,0.99,1.0,872.4431972158981,1186.5227482136215,124826.5275294488,68773.41739511713,44.90480608867994
14,10,0.99,2.0,872.4431972158981,1186.5227482136215,185730.66798854433,73468.97470942381,60.44327223657253
14,14,0.9,0.4,534.2064475153898,726.5207686209301,83642.02223948842,82632.38303765451,1.2070956378159485
14,14,0.9,1.0,534.2064475153898,726.5207686209301,113472.62164802499,110805.7269234946,2.350253907768777
14,14,0.9,2.0,534.2064475153898,726.5207686209301,163190.28732891925,157761.30006656144,3.3267833222300673
14,14,0.95,0.4,685.639969973521,932.4703591639886,86202.86686866342,73343.21583841833,14.91789252187835
14,14,0.95,1.0,685.639969973521,932.4703591639886,119762.29120326707,87429.88778133839,26.997148348683787
14,14,0.95,2.0,685.639969973521,932.4703591639886,175694.66509427316,110907.67435287182,36.87476264953084
14,14,0.99,0.4,969.6664004799087,1318.746304652676,88332.16986411216,66021.53519629725,25.257654942856036
14,14,0.99,1.0,969.6664004799087,1318.746304652676,124874.65413956948,68838.86958488125,44.87362542927114
14,14,0.99,2.0,969.6664004799087,1318.746304652676,185778.794598665,73534.42689918794,60.418288288475985
14,21,0.9,0.4,616.8484725516879,838.9139226702956,83682.93099773726,82688.01894887294,1.188906790192645
14,21,0.9,1.0,616.8484725516879,838.9139226702956,113513.53040627383,110861.36283471303,2.336432989149826
14,21,0.9,2.0,616.8484725516879,838.9139226702956,163231.1960871681,157816.93597777985,3.3169273026076085
14,21,0.95,0.4,791.7088424627586,1076.7240257493518,86255.37218736156,73414.62307184777,14.886897812719955
14,21,0.95,1.0,791.7088424627586,1076.7240257493518,119814.79652196521,87501.29501476783,26.969541697025257
14,21,0.95,2.0,791.7088424627586,1076.7240257493518,175747.1704129713,110979.08158630128,36.85299096109356
14,21,0.99,0.4,1119.6743146824215,1522.7570679680935,88406.42551666699,66122.52288377183,25.206202493385554
14,21,0.99,1.0,1119.6743146824215,1522.7570679680935,124948.90979212432,68939.85727235583,44.82556319454882
14,21,0.99,2.0,1119.6743146824215,1522.7570679680935,185853.05025121986,73635.41458666253,60.37976536455623
15,7,0.9,0.4,467.33329061342397,635.5732752342567,83608.91925335227,82587.36297650935,1.2218269126854713
15,7,0.9,1.0,467.33329061342397,635.5732752342567,113439.51866188884,110760.70686234944,2.3614449630412375
15,7,0.9,2.0,467.33329061342397,635.5732752342567,163157.18434278312,157716.28000541628,3.3347623393253936
15,7,0.95,0.4,599.8100263186806,815.7416357934056,86160.38005382623,73285.43377023975,14.943000803319611
15,7,0.95,1.0,599.8100263186806,815.7416357934056,119719.80438842988,87372.1057131598,27.019505119068054
15,7,0.95,2.0,599.8100263186806,815.7416357934056,175652.178279436,110849.89228469324,36.89238962448398
15,7,0.99,0.4,848.2813935346505,1153.6626952071247,88272.08288170851,65939.81690022828,25.299353150426068
15,7,0.99,1.0,848.2813935346505,1153.6626952071247,124814.56715716583,68757.1512888123,44.91255880234423
15,7,0.99,2.0,848.2813935346505,1153.6626952071247,185718.70761626135,73452.70860311898,60.44948322874958
15,10,0.9,0.4,514.9762044963622,700.3676381150527,83632.50304677278,82619.43693556123,1.2113306122680265
15,10,0.9,1.0,514.9762044963622,700.3676381150527,113463.10245530934,110792.78082140132,2.353471371858359
15,10,0.9,2.0,514.9762044963622,700.3676381150527,163180.7681362036,157748.35396446814,3.329077460403386
15,10,0.95,0.4,660.9584572222739,898.9035018222925,86190.64923437974,73326.59985579252,14.925110197981905
15,10,0.95,1.0,660.9584572222739,898.9035018222925,119750.0735689834,87413.27179871258,27.003575702726256
15,10,0.95,2.0,660.9584572222739,898.9035018222925,175682.4474599895,110891.05837024601,36.87983064130484
15,10,0.99,0.4,934.7605684456049,1271.2743730860227,88314.89107352663,65998.03604110093,25.269639990662256
15,10,0.99,1.0,934.7605684456049,1271.2743730860227,124857.37534898394,68815.37042968493,44.884817386764865
15,10,0.99,2.0,934.7605684456049,1271.2743730860227,185761.51580807948,73510.92774399162,60.427256730646064
15,14,0.9,0.4,572.364050909346,778.4151092367107,83660.91069450768,82658.0713364807,1.198695244531701
15,14,0.9,1.0,572.364050909346,778.4151092367107,113491.51010304425,110831.4152223208,2.3438712537248185
15,14,0.9,2.0,572.364050909346,778.4151092367107,163209.17578393852,157786.98836538763,3.3222319716441415
15,14,0.95,0.4,734.6142535430581,999.0753848185591,86227.1097054777,73376.18609648575,14.903576906249455
15,14,0.95,1.0,734.6142535430581,999.0753848185591,119786.53404008136,87462.85803940581,26.98439875542257
15,14,0.95,2.0,734.6142535430581,999.0753848185591,175718.90793108745,110940.64461093924,36.86470857510258
15,14,0.99,0.4,1038.9282862284736,1412.942469270724,88366.45529865593,66068.16338727677,25.233887492733135
15,14,0.99,1.0,1038.9282862284736,1412.942469270724,124908.93957411325,68885.49777586079,44.85142695892604
15,14,0.99,2.0,1038.9282862284736,1412.942469270724,185813.0800332088,73581.05509016747,60.40049759843767
15,21,0.9,0.4,660.9090777339513,898.8363457181738,83704.74150691715,82717.68124135758,1.179216670154825
15,21,0.9,1.0,660.9090777339513,898.8363457181738,113535.34091545372,110891.02512719769,2.329068435373946
15,21,0.9,2.0,660.9090777339513,898.8363457181738,163253.006596348,157846.5982702645,3.3116745833974837
15,21,0.95,0.4,848.2594740672413,1153.6328847314483,86283.36540408284,73452.69384658874,14.870388396889037
15,21,0.95,1.0,848.2594740672413,1153.6328847314483,119842.7897386865,87539.3657895088,26.95483309393441
15,21,0.95,2.0,848.2594740672413,1153.6328847314483,175775.1636296926,111017.15236104223,36.84138869873377
15,21,0.99,0.4,1199.6510514454515,1631.5254299658143,88446.01492639325,66176.36448099955,25.178805923508264
15,21,0.99,1.0,1199.6510514454515,1631.5254299658143,124988.49920185057,68993.69886958356,44.79996214838777
15,21,0.99,2.0,1199.6510514454515,1631.5254299658143,185892.63966094612,73689.25618389025,60.359239441489564
